Time,S288C,S288C,S288C,S288C,S288C,S288C,S288C,S288C,S288C,S288C,Voss Kveik,Voss Kveik,Voss Kveik,Voss Kveik,Voss Kveik,Voss Kveik,Voss Kveik,Voss Kveik,Voss Kveik,Voss Kveik,revkaufii,revkaufii,revkaufii,revkaufii,revkaufii,revkaufii,revkaufii,revkaufii,revkaufii,revkaufii,BLANK,BLANK,BLANK,BLANK,BLANK,BLANK,BLANK,BLANK,BLANK,BLANK
0:00:05,0.358,0.328,0.317,0.285,0.288,0.294,0.284,0.305,0.307,0.3,0.319,0.3,0.291,0.296,0.277,0.282,0.267,0.294,0.304,0.301,0.348,0.309,0.258,0.256,0.25,0.239,0.248,0.222,0.257,0.252,0.295,0.261,0.25,0.219,0.227,0.24,0.24,0.24,0.254,0.258
0:15:05,0.338,0.329,0.324,0.323,0.326,0.325,0.332,0.34,0.345,0.342,0.266,0.265,0.289,0.275,0.265,0.265,0.268,0.268,0.27,0.286,0.288,0.255,0.243,0.246,0.241,0.234,0.238,0.219,0.222,0.217,0.232,0.218,0.219,0.215,0.218,0.224,0.226,0.234,0.232,0.237
0:30:06,0.316,0.301,0.3,0.285,0.285,0.291,0.3,0.312,0.327,0.329,0.26,0.257,0.287,0.271,0.261,0.263,0.266,0.266,0.267,0.286,0.265,0.236,0.227,0.235,0.233,0.225,0.233,0.215,0.219,0.216,0.228,0.216,0.218,0.216,0.22,0.227,0.23,0.239,0.238,0.244
0:45:06,0.293,0.279,0.275,0.265,0.267,0.264,0.273,0.281,0.291,0.295,0.267,0.264,0.294,0.277,0.267,0.271,0.273,0.272,0.274,0.291,0.291,0.262,0.25,0.255,0.251,0.241,0.247,0.226,0.226,0.221,0.235,0.226,0.228,0.226,0.23,0.238,0.239,0.246,0.244,0.25
1:00:06,0.284,0.272,0.266,0.263,0.258,0.261,0.264,0.272,0.279,0.278,0.274,0.271,0.3,0.283,0.275,0.278,0.282,0.279,0.28,0.298,0.284,0.257,0.248,0.253,0.25,0.242,0.248,0.228,0.229,0.224,0.238,0.232,0.236,0.235,0.239,0.247,0.248,0.256,0.253,0.258
1:15:05,0.282,0.27,0.264,0.266,0.258,0.259,0.262,0.266,0.271,0.271,0.278,0.275,0.305,0.287,0.279,0.283,0.287,0.285,0.286,0.308,0.287,0.261,0.253,0.257,0.254,0.246,0.253,0.232,0.232,0.227,0.23,0.224,0.228,0.229,0.233,0.242,0.244,0.251,0.249,0.254
1:30:05,0.266,0.253,0.251,0.245,0.246,0.246,0.248,0.249,0.25,0.254,0.28,0.276,0.306,0.284,0.281,0.283,0.285,0.283,0.283,0.301,0.254,0.234,0.23,0.233,0.232,0.227,0.235,0.217,0.219,0.215,0.219,0.215,0.219,0.219,0.223,0.23,0.231,0.238,0.235,0.24
1:45:05,0.28,0.264,0.262,0.255,0.257,0.257,0.26,0.262,0.263,0.267,0.295,0.29,0.325,0.302,0.298,0.299,0.303,0.299,0.301,0.323,0.278,0.258,0.253,0.256,0.255,0.249,0.257,0.236,0.238,0.233,0.235,0.231,0.236,0.238,0.242,0.251,0.253,0.261,0.259,0.265
2:00:05,0.262,0.25,0.247,0.24,0.239,0.242,0.244,0.253,0.251,0.254,0.3,0.291,0.326,0.303,0.3,0.3,0.303,0.301,0.299,0.316,0.255,0.237,0.233,0.235,0.233,0.229,0.238,0.218,0.221,0.217,0.219,0.214,0.217,0.218,0.221,0.228,0.229,0.236,0.234,0.238
2:15:06,0.292,0.273,0.265,0.262,0.258,0.26,0.267,0.278,0.271,0.273,0.322,0.309,0.348,0.323,0.315,0.322,0.33,0.328,0.326,0.343,0.284,0.263,0.258,0.261,0.259,0.252,0.261,0.239,0.24,0.235,0.236,0.231,0.236,0.237,0.242,0.252,0.253,0.261,0.259,0.266
2:30:06,0.295,0.275,0.27,0.262,0.261,0.262,0.265,0.277,0.276,0.281,0.332,0.322,0.35,0.33,0.326,0.329,0.33,0.345,0.335,0.35,0.285,0.266,0.261,0.264,0.261,0.255,0.263,0.24,0.241,0.235,0.235,0.229,0.234,0.236,0.24,0.25,0.251,0.259,0.258,0.265
2:45:05,0.316,0.296,0.288,0.276,0.275,0.274,0.279,0.293,0.288,0.298,0.357,0.346,0.372,0.351,0.349,0.35,0.347,0.36,0.355,0.368,0.283,0.266,0.262,0.264,0.262,0.256,0.264,0.241,0.243,0.237,0.239,0.231,0.236,0.237,0.243,0.252,0.253,0.261,0.259,0.266
3:00:05,0.335,0.312,0.303,0.286,0.285,0.286,0.289,0.308,0.303,0.315,0.369,0.357,0.382,0.369,0.362,0.358,0.365,0.365,0.375,0.383,0.276,0.259,0.256,0.258,0.257,0.252,0.261,0.239,0.241,0.236,0.234,0.225,0.229,0.231,0.236,0.245,0.246,0.254,0.252,0.26
3:15:05,0.33,0.313,0.304,0.277,0.286,0.284,0.283,0.303,0.303,0.309,0.38,0.363,0.393,0.373,0.367,0.361,0.371,0.373,0.383,0.376,0.252,0.236,0.235,0.235,0.234,0.231,0.24,0.222,0.224,0.221,0.228,0.218,0.221,0.221,0.224,0.231,0.231,0.238,0.234,0.24
3:30:05,0.364,0.342,0.33,0.295,0.305,0.302,0.306,0.33,0.325,0.325,0.399,0.373,0.403,0.376,0.385,0.381,0.382,0.392,0.405,0.408,0.252,0.237,0.236,0.236,0.235,0.233,0.242,0.224,0.226,0.223,0.224,0.215,0.217,0.218,0.221,0.228,0.229,0.237,0.234,0.241
3:45:05,0.405,0.38,0.368,0.325,0.336,0.344,0.344,0.37,0.38,0.375,0.421,0.408,0.435,0.413,0.411,0.416,0.419,0.423,0.441,0.442,0.279,0.261,0.258,0.26,0.26,0.255,0.264,0.243,0.244,0.242,0.243,0.232,0.236,0.238,0.242,0.252,0.254,0.262,0.261,0.269
4:00:06,0.431,0.408,0.394,0.336,0.357,0.357,0.359,0.386,0.4,0.396,0.436,0.441,0.466,0.437,0.421,0.438,0.448,0.441,0.47,0.478,0.29,0.271,0.266,0.269,0.268,0.26,0.27,0.247,0.248,0.243,0.242,0.229,0.233,0.235,0.239,0.249,0.251,0.259,0.258,0.267
4:15:05,0.457,0.431,0.415,0.348,0.371,0.377,0.381,0.415,0.419,0.416,0.457,0.463,0.487,0.467,0.453,0.46,0.464,0.464,0.496,0.498,0.289,0.272,0.267,0.269,0.268,0.262,0.27,0.247,0.248,0.244,0.242,0.228,0.232,0.234,0.239,0.247,0.25,0.257,0.256,0.265
4:30:05,0.482,0.473,0.455,0.367,0.404,0.406,0.403,0.438,0.452,0.439,0.499,0.502,0.512,0.495,0.482,0.489,0.5,0.508,0.524,0.53,0.28,0.264,0.261,0.262,0.262,0.258,0.266,0.244,0.246,0.243,0.245,0.229,0.233,0.235,0.239,0.248,0.249,0.258,0.256,0.264
4:45:05,0.494,0.481,0.46,0.372,0.386,0.428,0.428,0.453,0.471,0.459,0.526,0.511,0.528,0.505,0.498,0.507,0.518,0.526,0.545,0.523,0.258,0.241,0.239,0.24,0.241,0.238,0.245,0.225,0.228,0.225,0.236,0.22,0.222,0.22,0.22,0.223,0.22,0.223,0.217,0.219
5:00:05,0.566,0.543,0.517,0.42,0.406,0.465,0.468,0.497,0.545,0.525,0.562,0.551,0.567,0.559,0.534,0.554,0.559,0.558,0.589,0.575,0.284,0.265,0.262,0.264,0.265,0.261,0.268,0.246,0.248,0.245,0.241,0.226,0.229,0.231,0.235,0.243,0.244,0.251,0.248,0.256
5:15:05,0.599,0.594,0.558,0.444,0.431,0.498,0.494,0.552,0.564,0.551,0.597,0.56,0.602,0.579,0.564,0.581,0.583,0.582,0.618,0.63,0.289,0.271,0.267,0.27,0.27,0.265,0.272,0.25,0.251,0.247,0.246,0.228,0.231,0.233,0.236,0.244,0.245,0.251,0.248,0.254
5:30:05,0.573,0.597,0.586,0.453,0.419,0.514,0.514,0.561,0.577,0.556,0.63,0.599,0.651,0.619,0.6,0.609,0.62,0.606,0.643,0.629,0.254,0.238,0.235,0.237,0.236,0.236,0.242,0.225,0.227,0.224,0.237,0.218,0.217,0.215,0.216,0.219,0.217,0.221,0.214,0.217
5:45:05,0.633,0.633,0.613,0.471,0.452,0.542,0.54,0.602,0.604,0.595,0.664,0.636,0.663,0.643,0.626,0.642,0.654,0.682,0.666,0.663,0.258,0.24,0.238,0.24,0.239,0.238,0.243,0.225,0.229,0.225,0.239,0.218,0.217,0.215,0.216,0.219,0.217,0.22,0.214,0.217
6:00:05,0.632,0.675,0.625,0.499,0.458,0.564,0.563,0.624,0.651,0.618,0.69,0.657,0.711,0.683,0.674,0.696,0.695,0.682,0.707,0.713,0.254,0.235,0.233,0.235,0.236,0.234,0.241,0.223,0.227,0.225,0.235,0.215,0.214,0.213,0.214,0.217,0.216,0.219,0.213,0.217
6:15:05,0.655,0.707,0.647,0.533,0.489,0.59,0.601,0.644,0.671,0.639,0.725,0.71,0.744,0.728,0.713,0.717,0.753,0.721,0.749,0.744,0.258,0.238,0.236,0.237,0.237,0.237,0.243,0.224,0.228,0.225,0.238,0.217,0.217,0.215,0.215,0.218,0.217,0.221,0.214,0.217
6:30:05,0.674,0.723,0.679,0.55,0.51,0.621,0.618,0.641,0.681,0.644,0.761,0.731,0.781,0.763,0.728,0.752,0.759,0.757,0.791,0.778,0.256,0.235,0.233,0.235,0.235,0.234,0.241,0.223,0.226,0.224,0.234,0.215,0.214,0.212,0.214,0.217,0.216,0.22,0.214,0.217
6:45:05,0.718,0.772,0.73,0.595,0.541,0.663,0.643,0.654,0.711,0.663,0.823,0.776,0.841,0.821,0.79,0.801,0.814,0.815,0.84,0.832,0.287,0.264,0.261,0.264,0.264,0.261,0.267,0.246,0.248,0.246,0.248,0.228,0.23,0.229,0.231,0.237,0.234,0.238,0.233,0.238
7:00:06,0.697,0.759,0.729,0.575,0.557,0.608,0.648,0.666,0.687,0.685,0.864,0.816,0.865,0.858,0.846,0.831,0.846,0.853,0.886,0.864,0.262,0.239,0.238,0.24,0.238,0.239,0.244,0.226,0.229,0.227,0.241,0.219,0.219,0.216,0.217,0.22,0.219,0.223,0.216,0.22
7:15:06,0.726,0.74,0.719,0.597,0.6,0.624,0.658,0.694,0.705,0.726,0.887,0.849,0.901,0.907,0.887,0.873,0.916,0.88,0.937,0.906,0.268,0.244,0.241,0.243,0.241,0.242,0.248,0.228,0.231,0.23,0.235,0.214,0.214,0.212,0.213,0.216,0.215,0.219,0.214,0.218
7:30:05,0.745,0.77,0.74,0.627,0.632,0.678,0.689,0.722,0.739,0.76,0.953,0.905,0.985,0.957,0.916,0.923,0.965,0.936,0.983,0.996,0.305,0.276,0.273,0.275,0.272,0.268,0.275,0.251,0.252,0.248,0.249,0.229,0.232,0.232,0.234,0.24,0.237,0.242,0.235,0.24
7:45:05,0.751,0.755,0.733,0.655,0.667,0.686,0.701,0.738,0.747,0.805,0.996,0.937,1.022,0.992,0.968,0.965,1.004,0.984,1.01,1.032,0.268,0.241,0.24,0.241,0.24,0.24,0.247,0.228,0.231,0.228,0.235,0.215,0.214,0.212,0.213,0.215,0.214,0.218,0.212,0.215
8:00:05,0.788,0.768,0.743,0.694,0.724,0.771,0.725,0.77,0.768,0.791,1.036,0.991,1.068,1.046,1.014,1.03,1.054,1.044,1.08,1.08,0.31,0.278,0.274,0.277,0.276,0.272,0.277,0.255,0.257,0.253,0.255,0.233,0.235,0.236,0.24,0.249,0.248,0.254,0.248,0.253
8:15:05,0.749,0.754,0.732,0.704,0.787,0.834,0.736,0.759,0.771,0.823,1.088,1.034,1.11,1.084,1.064,1.078,1.096,1.11,1.12,1.116,0.275,0.245,0.243,0.244,0.243,0.242,0.25,0.229,0.232,0.23,0.234,0.213,0.213,0.211,0.212,0.214,0.214,0.218,0.212,0.216
8:30:05,0.777,0.782,0.779,0.725,0.882,0.908,0.784,0.75,0.759,0.884,1.131,1.12,1.157,1.133,1.124,1.119,1.143,1.159,1.165,1.163,0.319,0.281,0.277,0.28,0.275,0.271,0.279,0.255,0.256,0.252,0.255,0.232,0.234,0.234,0.235,0.241,0.239,0.244,0.237,0.242
8:45:06,0.896,0.767,0.788,0.723,0.951,1.004,0.754,0.788,0.757,0.958,1.181,1.167,1.199,1.175,1.163,1.151,1.183,1.191,1.209,1.205,0.326,0.282,0.279,0.283,0.278,0.274,0.282,0.257,0.258,0.254,0.255,0.233,0.235,0.237,0.239,0.247,0.245,0.25,0.243,0.248
9:00:05,0.977,0.746,0.752,0.867,1.014,1.098,0.826,0.946,0.889,1.006,1.217,1.197,1.234,1.207,1.199,1.227,1.217,1.223,1.238,1.245,0.285,0.242,0.242,0.245,0.242,0.242,0.252,0.231,0.232,0.231,0.244,0.22,0.219,0.218,0.218,0.223,0.221,0.224,0.219,0.223
9:15:05,1.028,0.736,0.737,0.927,1.06,1.139,0.941,0.945,0.907,1.024,1.248,1.233,1.272,1.25,1.241,1.264,1.258,1.268,1.276,1.288,0.344,0.291,0.287,0.291,0.286,0.28,0.287,0.263,0.261,0.258,0.263,0.24,0.244,0.245,0.248,0.258,0.256,0.261,0.254,0.258
9:30:05,1.056,0.714,0.717,0.968,1.114,1.195,0.963,0.994,0.975,1.102,1.274,1.268,1.312,1.292,1.28,1.298,1.298,1.304,1.312,1.326,0.335,0.282,0.28,0.284,0.281,0.273,0.284,0.259,0.257,0.255,0.258,0.234,0.237,0.237,0.237,0.243,0.24,0.244,0.238,0.242
9:45:05,1.048,0.821,0.769,0.961,1.145,1.256,0.987,0.986,0.968,1.102,1.302,1.306,1.348,1.33,1.318,1.347,1.334,1.318,1.344,1.356,0.292,0.247,0.245,0.249,0.247,0.246,0.256,0.234,0.234,0.234,0.243,0.219,0.218,0.216,0.217,0.221,0.22,0.224,0.218,0.222
10:00:05,1.05,0.799,0.801,0.978,1.187,1.298,0.993,1.016,0.981,1.11,1.347,1.347,1.393,1.381,1.363,1.383,1.371,1.37,1.37,1.397,0.334,0.283,0.278,0.283,0.28,0.277,0.285,0.258,0.259,0.256,0.256,0.232,0.233,0.233,0.234,0.241,0.239,0.244,0.238,0.242
10:15:06,1.104,0.939,0.924,1.044,1.262,1.374,1.042,1.074,1.05,1.169,1.373,1.387,1.419,1.401,1.391,1.413,1.385,1.405,1.393,1.423,0.293,0.246,0.242,0.246,0.245,0.247,0.257,0.231,0.236,0.233,0.239,0.216,0.215,0.213,0.214,0.217,0.216,0.22,0.215,0.219
10:30:05,1.112,0.842,0.808,1.062,1.274,1.373,1.04,1.106,1.104,1.217,1.407,1.419,1.453,1.435,1.425,1.419,1.415,1.413,1.427,1.457,0.346,0.289,0.283,0.287,0.287,0.284,0.289,0.26,0.263,0.26,0.252,0.23,0.234,0.234,0.237,0.243,0.241,0.246,0.24,0.245
10:45:05,1.121,0.935,0.894,1.064,1.288,1.397,1.062,1.094,1.092,1.223,1.441,1.447,1.481,1.461,1.439,1.437,1.457,1.445,1.455,1.493,0.335,0.281,0.275,0.279,0.279,0.282,0.285,0.257,0.262,0.258,0.254,0.229,0.231,0.23,0.231,0.237,0.235,0.24,0.234,0.24
11:00:05,1.147,1,1.026,1.096,1.324,1.419,1.064,1.11,1.078,1.245,1.467,1.463,1.51,1.475,1.472,1.467,1.497,1.477,1.479,1.494,0.349,0.289,0.284,0.287,0.284,0.288,0.291,0.263,0.264,0.262,0.259,0.233,0.234,0.234,0.236,0.241,0.239,0.244,0.237,0.243
11:15:05,1.199,1.048,1.068,1.181,1.356,1.445,1.147,1.159,1.143,1.316,1.496,1.497,1.516,1.506,1.484,1.495,1.514,1.512,1.506,1.524,0.348,0.286,0.282,0.284,0.282,0.284,0.289,0.261,0.264,0.263,0.253,0.228,0.229,0.228,0.23,0.234,0.233,0.237,0.232,0.237
11:30:06,1.205,1.054,1.072,1.197,1.36,1.437,1.163,1.175,1.173,1.316,1.514,1.53,1.546,1.532,1.51,1.514,1.534,1.534,1.534,1.546,0.36,0.293,0.29,0.297,0.289,0.29,0.295,0.265,0.268,0.265,0.259,0.235,0.237,0.239,0.243,0.252,0.252,0.258,0.251,0.256
11:45:06,1.235,1.078,1.1,1.197,1.358,1.437,1.195,1.211,1.209,1.306,1.54,1.552,1.572,1.556,1.538,1.552,1.584,1.571,1.554,1.561,0.362,0.285,0.285,0.289,0.284,0.286,0.292,0.264,0.268,0.267,0.26,0.237,0.24,0.241,0.245,0.254,0.255,0.262,0.256,0.261
12:00:06,1.238,1.042,1.056,1.213,1.377,1.449,1.217,1.203,1.169,1.302,1.558,1.564,1.588,1.568,1.566,1.565,1.598,1.573,1.566,1.566,0.318,0.25,0.254,0.254,0.251,0.256,0.264,0.24,0.246,0.244,0.237,0.215,0.216,0.215,0.217,0.221,0.22,0.224,0.218,0.222
12:15:05,1.26,1.102,1.078,1.215,1.338,1.431,1.225,1.227,1.207,1.318,1.577,1.588,1.601,1.59,1.582,1.581,1.618,1.584,1.583,1.574,0.368,0.289,0.293,0.291,0.288,0.289,0.298,0.271,0.272,0.27,0.259,0.236,0.24,0.241,0.244,0.253,0.254,0.259,0.252,0.257
12:30:06,1.266,1.106,1.082,1.215,1.344,1.429,1.229,1.225,1.239,1.308,1.585,1.587,1.607,1.592,1.59,1.586,1.622,1.589,1.585,1.577,0.338,0.259,0.263,0.26,0.258,0.263,0.274,0.248,0.251,0.249,0.248,0.222,0.223,0.221,0.222,0.226,0.225,0.229,0.223,0.228
12:45:05,1.258,1.129,1.123,1.213,1.347,1.431,1.223,1.27,1.262,1.32,1.589,1.591,1.605,1.593,1.591,1.587,1.577,1.593,1.585,1.58,0.33,0.255,0.261,0.256,0.255,0.26,0.273,0.245,0.247,0.247,0.244,0.219,0.219,0.217,0.218,0.222,0.221,0.224,0.219,0.223
13:00:05,1.254,1.129,1.096,1.211,1.324,1.405,1.215,1.199,1.282,1.286,1.599,1.608,1.622,1.608,1.6,1.599,1.585,1.605,1.603,1.596,0.385,0.305,0.302,0.299,0.297,0.297,0.308,0.277,0.273,0.272,0.263,0.238,0.241,0.241,0.243,0.25,0.248,0.253,0.248,0.253
13:15:06,1.256,1.153,1.163,1.221,1.326,1.405,1.223,1.243,1.258,1.316,1.606,1.614,1.631,1.613,1.608,1.604,1.602,1.612,1.612,1.597,0.382,0.303,0.3,0.298,0.297,0.292,0.307,0.277,0.27,0.267,0.262,0.237,0.239,0.237,0.239,0.246,0.243,0.248,0.242,0.248
13:30:05,1.252,1.125,1.129,1.193,1.338,1.409,1.205,1.225,1.28,1.288,1.608,1.612,1.633,1.616,1.612,1.604,1.607,1.612,1.613,1.605,0.34,0.264,0.266,0.264,0.265,0.262,0.278,0.252,0.246,0.247,0.244,0.22,0.22,0.218,0.219,0.223,0.222,0.226,0.22,0.225
13:45:05,1.246,1.161,1.143,1.199,1.357,1.451,1.246,1.209,1.252,1.284,1.608,1.615,1.639,1.624,1.616,1.613,1.613,1.621,1.615,1.603,0.335,0.266,0.262,0.268,0.266,0.259,0.282,0.255,0.245,0.248,0.242,0.218,0.218,0.216,0.217,0.222,0.221,0.225,0.22,0.224
14:00:06,1.258,1.151,1.143,1.201,1.353,1.445,1.207,1.215,1.215,1.284,1.617,1.621,1.647,1.629,1.625,1.623,1.616,1.629,1.623,1.611,0.344,0.265,0.264,0.271,0.27,0.259,0.285,0.258,0.247,0.255,0.239,0.215,0.216,0.214,0.215,0.219,0.218,0.223,0.217,0.222
14:15:05,1.266,1.147,1.112,1.231,1.381,1.463,1.207,1.215,1.233,1.292,1.637,1.627,1.655,1.639,1.631,1.629,1.625,1.639,1.637,1.614,0.343,0.265,0.264,0.268,0.272,0.26,0.281,0.262,0.25,0.255,0.241,0.217,0.217,0.215,0.216,0.219,0.219,0.222,0.216,0.221
14:30:05,1.27,1.167,1.145,1.24,1.37,1.465,1.217,1.219,1.245,1.33,1.639,1.629,1.665,1.649,1.639,1.635,1.631,1.641,1.641,1.618,0.355,0.27,0.274,0.273,0.277,0.266,0.286,0.27,0.267,0.262,0.234,0.211,0.21,0.208,0.209,0.212,0.212,0.216,0.211,0.215
14:45:05,1.276,1.141,1.155,1.229,1.366,1.468,1.203,1.195,1.247,1.304,1.641,1.637,1.669,1.659,1.647,1.651,1.639,1.653,1.649,1.631,0.401,0.309,0.312,0.311,0.317,0.301,0.316,0.296,0.302,0.291,0.257,0.234,0.236,0.236,0.238,0.245,0.243,0.248,0.242,0.248
15:00:05,1.294,1.189,1.086,1.233,1.372,1.478,1.213,1.199,1.223,1.31,1.645,1.641,1.665,1.651,1.647,1.649,1.643,1.657,1.659,1.633,0.371,0.276,0.28,0.281,0.293,0.272,0.288,0.276,0.281,0.272,0.24,0.216,0.216,0.214,0.215,0.219,0.218,0.222,0.217,0.222
15:15:05,1.298,1.195,1.161,1.248,1.365,1.481,1.219,1.223,1.254,1.324,1.663,1.651,1.679,1.657,1.659,1.663,1.653,1.667,1.655,1.639,0.377,0.278,0.28,0.28,0.293,0.275,0.287,0.277,0.283,0.271,0.241,0.217,0.217,0.215,0.216,0.22,0.219,0.223,0.218,0.222
15:30:05,1.288,1.165,1.147,1.235,1.405,1.498,1.231,1.209,1.238,1.324,1.657,1.655,1.683,1.657,1.667,1.669,1.657,1.673,1.661,1.645,0.371,0.277,0.278,0.28,0.291,0.276,0.287,0.276,0.283,0.27,0.237,0.214,0.214,0.213,0.214,0.218,0.217,0.221,0.216,0.221
15:45:05,1.308,1.153,1.173,1.249,1.381,1.481,1.264,1.221,1.282,1.33,1.671,1.661,1.692,1.669,1.669,1.675,1.659,1.683,1.665,1.649,0.413,0.316,0.313,0.316,0.326,0.309,0.317,0.301,0.308,0.295,0.257,0.235,0.239,0.24,0.242,0.249,0.245,0.25,0.243,0.249
16:00:06,1.308,1.201,1.203,1.236,1.364,1.487,1.235,1.199,1.247,1.332,1.669,1.667,1.702,1.675,1.681,1.675,1.665,1.681,1.679,1.655,0.41,0.314,0.313,0.317,0.327,0.311,0.322,0.301,0.312,0.3,0.262,0.238,0.241,0.242,0.247,0.257,0.257,0.265,0.261,0.271
16:15:05,1.308,1.189,1.183,1.239,1.377,1.491,1.231,1.244,1.29,1.35,1.677,1.671,1.699,1.663,1.687,1.688,1.665,1.679,1.667,1.653,0.377,0.283,0.281,0.287,0.293,0.286,0.297,0.277,0.29,0.283,0.233,0.211,0.211,0.209,0.21,0.213,0.213,0.218,0.213,0.217
16:30:05,1.345,1.221,1.205,1.264,1.413,1.502,1.246,1.28,1.296,1.379,1.677,1.671,1.706,1.673,1.683,1.697,1.667,1.688,1.677,1.659,0.382,0.285,0.282,0.289,0.294,0.289,0.3,0.284,0.291,0.286,0.237,0.215,0.215,0.214,0.215,0.219,0.217,0.222,0.216,0.221
16:45:05,1.344,1.245,1.205,1.28,1.411,1.497,1.26,1.24,1.343,1.409,1.698,1.685,1.707,1.681,1.673,1.7,1.673,1.698,1.681,1.667,0.394,0.287,0.286,0.295,0.297,0.298,0.31,0.292,0.299,0.291,0.245,0.221,0.221,0.218,0.219,0.223,0.221,0.226,0.22,0.224
17:00:05,1.349,1.252,1.213,1.272,1.399,1.5,1.268,1.247,1.288,1.381,1.696,1.69,1.712,1.683,1.679,1.707,1.641,1.686,1.685,1.671,0.436,0.329,0.325,0.341,0.336,0.337,0.344,0.334,0.332,0.319,0.263,0.24,0.244,0.244,0.248,0.258,0.258,0.264,0.258,0.265
17:15:05,1.359,1.25,1.225,1.286,1.411,1.51,1.256,1.302,1.308,1.374,1.695,1.687,1.708,1.693,1.679,1.707,1.683,1.681,1.686,1.675,0.406,0.293,0.295,0.31,0.3,0.31,0.314,0.312,0.306,0.3,0.241,0.219,0.219,0.217,0.217,0.221,0.219,0.224,0.217,0.222
17:30:05,1.355,1.237,1.282,1.272,1.399,1.512,1.262,1.241,1.298,1.381,1.704,1.698,1.715,1.706,1.688,1.716,1.69,1.687,1.695,1.671,0.442,0.327,0.323,0.338,0.328,0.336,0.339,0.331,0.337,0.331,0.266,0.242,0.246,0.247,0.251,0.261,0.262,0.27,0.266,0.276
17:45:05,1.364,1.298,1.233,1.288,1.415,1.52,1.274,1.258,1.308,1.381,1.704,1.699,1.716,1.698,1.687,1.72,1.695,1.691,1.694,1.675,0.42,0.296,0.295,0.309,0.298,0.312,0.327,0.306,0.326,0.312,0.24,0.217,0.217,0.216,0.217,0.221,0.22,0.224,0.219,0.224
18:00:05,1.369,1.374,1.213,1.278,1.395,1.504,1.286,1.282,1.344,1.383,1.717,1.703,1.72,1.703,1.693,1.73,1.693,1.695,1.709,1.681,0.459,0.333,0.329,0.351,0.331,0.348,0.373,0.33,0.358,0.338,0.259,0.236,0.24,0.241,0.246,0.256,0.257,0.265,0.262,0.27
18:15:05,1.381,1.324,1.377,1.306,1.407,1.51,1.282,1.32,1.411,1.405,1.706,1.7,1.715,1.685,1.69,1.73,1.695,1.693,1.71,1.683,0.467,0.337,0.331,0.359,0.337,0.358,0.388,0.33,0.354,0.344,0.254,0.232,0.236,0.238,0.242,0.251,0.25,0.255,0.248,0.253
18:30:05,1.377,1.28,1.236,1.316,1.395,1.504,1.278,1.284,1.405,1.389,1.713,1.7,1.72,1.693,1.7,1.73,1.699,1.696,1.704,1.681,0.469,0.34,0.335,0.363,0.339,0.366,0.394,0.33,0.354,0.344,0.252,0.231,0.235,0.236,0.24,0.25,0.251,0.259,0.253,0.258
18:45:06,1.415,1.304,1.235,1.302,1.405,1.52,1.356,1.33,1.36,1.403,1.725,1.701,1.714,1.685,1.7,1.727,1.701,1.698,1.693,1.681,0.454,0.333,0.323,0.34,0.333,0.348,0.392,0.318,0.343,0.336,0.238,0.218,0.219,0.216,0.217,0.222,0.221,0.226,0.221,0.225
19:00:05,1.381,1.316,1.316,1.312,1.407,1.51,1.28,1.314,1.324,1.401,1.724,1.704,1.716,1.689,1.701,1.732,1.701,1.697,1.696,1.687,0.506,0.378,0.366,0.378,0.389,0.379,0.419,0.373,0.378,0.375,0.25,0.23,0.235,0.236,0.241,0.252,0.254,0.262,0.26,0.27
19:15:05,1.385,1.379,1.314,1.316,1.415,1.526,1.347,1.345,1.357,1.397,1.728,1.7,1.716,1.69,1.708,1.741,1.704,1.702,1.705,1.688,0.527,0.382,0.371,0.386,0.411,0.397,0.433,0.395,0.391,0.412,0.249,0.228,0.233,0.235,0.24,0.251,0.253,0.261,0.259,0.269
19:30:06,1.409,1.399,1.425,1.326,1.405,1.52,1.334,1.278,1.351,1.415,1.73,1.713,1.72,1.693,1.705,1.744,1.706,1.702,1.702,1.691,0.551,0.389,0.378,0.393,0.412,0.415,0.454,0.424,0.412,0.437,0.249,0.228,0.233,0.235,0.24,0.251,0.253,0.261,0.26,0.269
19:45:05,1.385,1.306,1.314,1.304,1.407,1.522,1.278,1.31,1.306,1.407,1.726,1.715,1.726,1.696,1.711,1.748,1.709,1.702,1.705,1.694,0.603,0.431,0.414,0.436,0.444,0.459,0.492,0.47,0.446,0.472,0.255,0.233,0.239,0.241,0.246,0.257,0.26,0.269,0.268,0.278
20:00:06,1.433,1.435,1.334,1.302,1.407,1.506,1.336,1.314,1.308,1.421,1.725,1.713,1.73,1.698,1.71,1.747,1.711,1.704,1.71,1.699,0.637,0.461,0.45,0.454,0.484,0.491,0.511,0.509,0.489,0.516,0.257,0.235,0.241,0.242,0.247,0.259,0.261,0.269,0.268,0.279
20:15:06,1.421,1.365,1.332,1.344,1.407,1.508,1.294,1.391,1.338,1.413,1.715,1.715,1.721,1.696,1.705,1.748,1.711,1.703,1.711,1.692,0.671,0.494,0.47,0.463,0.513,0.52,0.515,0.525,0.52,0.563,0.234,0.214,0.217,0.215,0.217,0.221,0.221,0.225,0.22,0.224
20:30:05,1.417,1.409,1.328,1.31,1.411,1.528,1.336,1.336,1.32,1.423,1.717,1.717,1.725,1.701,1.711,1.752,1.714,1.706,1.707,1.696,0.756,0.599,0.533,0.535,0.574,0.584,0.567,0.585,0.624,0.668,0.249,0.229,0.235,0.237,0.242,0.253,0.255,0.263,0.262,0.271
20:45:05,1.397,1.364,1.249,1.312,1.423,1.516,1.292,1.258,1.33,1.433,1.714,1.715,1.728,1.704,1.708,1.75,1.712,1.709,1.712,1.698,0.843,0.664,0.601,0.598,0.628,0.652,0.606,0.664,0.726,0.762,0.248,0.228,0.233,0.235,0.24,0.251,0.254,0.261,0.259,0.269
21:00:05,1.399,1.461,1.322,1.32,1.411,1.506,1.31,1.316,1.431,1.431,1.721,1.718,1.727,1.705,1.707,1.758,1.711,1.71,1.712,1.696,0.999,0.727,0.668,0.661,0.681,0.693,0.659,0.724,0.821,0.891,0.249,0.228,0.233,0.235,0.24,0.25,0.253,0.261,0.259,0.267
21:15:06,1.431,1.372,1.284,1.322,1.411,1.518,1.298,1.26,1.389,1.413,1.73,1.719,1.73,1.707,1.708,1.758,1.715,1.715,1.713,1.7,1.104,0.805,0.737,0.742,0.748,0.753,0.721,0.805,1.01,1.006,0.262,0.24,0.246,0.248,0.253,0.264,0.266,0.275,0.273,0.283
21:30:05,1.405,1.433,1.379,1.322,1.425,1.514,1.318,1.314,1.364,1.427,1.734,1.718,1.726,1.705,1.706,1.756,1.714,1.711,1.713,1.694,1.135,0.89,0.818,0.819,0.821,0.87,0.883,1.024,1.104,1.08,0.239,0.218,0.221,0.22,0.221,0.224,0.222,0.226,0.22,0.224
21:45:05,1.435,1.431,1.383,1.3,1.403,1.5,1.316,1.29,1.372,1.417,1.741,1.714,1.728,1.706,1.71,1.76,1.714,1.715,1.714,1.697,1.173,1.034,0.937,0.914,0.971,1.042,1.074,1.117,1.139,1.112,0.262,0.24,0.244,0.246,0.251,0.262,0.264,0.272,0.27,0.28
22:00:06,1.399,1.427,1.413,1.322,1.425,1.51,1.344,1.284,1.32,1.413,1.737,1.711,1.728,1.706,1.705,1.756,1.715,1.714,1.715,1.695,1.203,1.119,1.102,1.096,1.118,1.135,1.141,1.155,1.171,1.155,0.242,0.22,0.224,0.224,0.226,0.23,0.228,0.232,0.226,0.23
22:15:06,1.423,1.441,1.342,1.3,1.407,1.495,1.314,1.35,1.372,1.435,1.747,1.72,1.735,1.713,1.713,1.76,1.722,1.719,1.716,1.699,1.243,1.179,1.165,1.167,1.189,1.185,1.191,1.195,1.205,1.193,0.255,0.232,0.238,0.24,0.245,0.256,0.257,0.265,0.263,0.273
22:30:06,1.411,1.358,1.296,1.314,1.429,1.51,1.31,1.28,1.318,1.445,1.734,1.714,1.735,1.714,1.726,1.752,1.718,1.717,1.714,1.698,1.266,1.209,1.199,1.203,1.233,1.227,1.25,1.225,1.235,1.219,0.241,0.22,0.222,0.218,0.219,0.222,0.221,0.225,0.22,0.223
22:45:05,1.431,1.338,1.262,1.328,1.417,1.516,1.31,1.322,1.294,1.441,1.737,1.716,1.731,1.705,1.727,1.754,1.721,1.718,1.716,1.699,1.296,1.236,1.229,1.256,1.268,1.266,1.282,1.254,1.262,1.252,0.247,0.225,0.228,0.229,0.231,0.236,0.233,0.237,0.23,0.234
23:00:05,1.429,1.338,1.29,1.33,1.427,1.524,1.31,1.31,1.357,1.445,1.737,1.717,1.736,1.705,1.725,1.754,1.719,1.719,1.717,1.698,1.322,1.264,1.256,1.284,1.29,1.292,1.304,1.28,1.29,1.282,0.243,0.222,0.224,0.221,0.222,0.225,0.224,0.228,0.222,0.227
23:15:15,1.441,1.407,1.399,1.316,1.405,1.5,1.284,1.338,1.346,1.439,1.738,1.72,1.741,1.714,1.723,1.766,1.725,1.722,1.721,1.702,1.347,1.284,1.282,1.312,1.316,1.312,1.326,1.304,1.312,1.308,0.269,0.245,0.25,0.252,0.256,0.268,0.27,0.278,0.276,0.288
23:30:14,1.425,1.407,1.417,1.31,1.421,1.508,1.276,1.358,1.342,1.471,1.739,1.722,1.734,1.709,1.712,1.756,1.723,1.72,1.719,1.698,1.352,1.308,1.3,1.318,1.328,1.324,1.33,1.322,1.326,1.322,0.243,0.221,0.222,0.22,0.221,0.225,0.224,0.228,0.223,0.228
23:45:14,1.433,1.262,1.249,1.347,1.427,1.53,1.381,1.306,1.338,1.465,1.72,1.721,1.736,1.706,1.713,1.77,1.723,1.72,1.722,1.699,1.362,1.324,1.312,1.332,1.336,1.336,1.338,1.332,1.34,1.338,0.239,0.218,0.22,0.22,0.221,0.226,0.224,0.229,0.222,0.226
24:00:13,1.431,1.423,1.348,1.389,1.447,1.53,1.306,1.256,1.393,1.453,1.725,1.727,1.742,1.716,1.713,1.772,1.727,1.726,1.724,1.702,1.375,1.343,1.33,1.347,1.357,1.347,1.354,1.349,1.353,1.352,0.265,0.241,0.246,0.248,0.253,0.263,0.266,0.274,0.272,0.282
24:15:12,1.437,1.451,1.372,1.336,1.453,1.552,1.345,1.344,1.357,1.477,1.725,1.723,1.742,1.714,1.716,1.768,1.727,1.726,1.723,1.702,1.374,1.34,1.33,1.346,1.351,1.347,1.354,1.35,1.354,1.357,0.245,0.224,0.225,0.223,0.223,0.225,0.223,0.227,0.221,0.225
24:30:12,1.445,1.355,1.242,1.35,1.437,1.53,1.31,1.3,1.349,1.484,1.727,1.726,1.744,1.715,1.716,1.772,1.729,1.729,1.723,1.703,1.369,1.354,1.344,1.36,1.366,1.36,1.364,1.361,1.367,1.37,0.259,0.237,0.242,0.243,0.248,0.259,0.261,0.269,0.267,0.277
24:45:11,1.459,1.401,1.332,1.387,1.451,1.532,1.326,1.375,1.314,1.467,1.728,1.728,1.745,1.714,1.716,1.77,1.724,1.725,1.726,1.702,1.385,1.349,1.345,1.358,1.358,1.358,1.362,1.351,1.366,1.369,0.251,0.229,0.23,0.228,0.228,0.231,0.228,0.231,0.225,0.228
25:00:10,1.449,1.5,1.343,1.348,1.415,1.536,1.326,1.316,1.395,1.453,1.727,1.731,1.744,1.716,1.717,1.772,1.727,1.72,1.727,1.709,1.389,1.352,1.346,1.357,1.363,1.359,1.364,1.363,1.369,1.371,0.247,0.224,0.226,0.225,0.225,0.229,0.226,0.23,0.224,0.229
25:15:09,1.459,1.326,1.342,1.358,1.461,1.548,1.322,1.29,1.302,1.485,1.729,1.729,1.749,1.722,1.717,1.772,1.729,1.722,1.728,1.705,1.403,1.366,1.36,1.375,1.379,1.37,1.375,1.375,1.377,1.381,0.273,0.249,0.253,0.254,0.258,0.269,0.269,0.277,0.275,0.285
25:30:09,1.439,1.375,1.328,1.374,1.463,1.561,1.353,1.32,1.413,1.485,1.729,1.729,1.748,1.732,1.723,1.758,1.73,1.724,1.725,1.703,1.397,1.36,1.353,1.367,1.368,1.366,1.371,1.372,1.375,1.377,0.246,0.225,0.226,0.224,0.224,0.227,0.226,0.229,0.224,0.228
25:45:09,1.473,1.302,1.399,1.34,1.407,1.49,1.32,1.359,1.342,1.489,1.733,1.731,1.747,1.74,1.72,1.754,1.734,1.723,1.725,1.701,1.403,1.363,1.359,1.374,1.377,1.372,1.375,1.375,1.379,1.385,0.263,0.24,0.244,0.244,0.248,0.255,0.253,0.258,0.251,0.256
26:00:08,1.459,1.439,1.375,1.348,1.411,1.484,1.298,1.324,1.328,1.494,1.732,1.731,1.744,1.736,1.719,1.744,1.73,1.723,1.725,1.701,1.409,1.367,1.361,1.377,1.379,1.375,1.381,1.377,1.381,1.387,0.256,0.232,0.236,0.237,0.238,0.244,0.242,0.247,0.242,0.248
26:15:07,1.461,1.304,1.457,1.36,1.417,1.514,1.354,1.278,1.31,1.488,1.732,1.731,1.748,1.738,1.725,1.75,1.736,1.725,1.73,1.706,1.413,1.37,1.366,1.379,1.383,1.377,1.385,1.383,1.385,1.391,0.257,0.235,0.239,0.239,0.24,0.246,0.243,0.247,0.242,0.248
26:30:07,1.471,1.389,1.369,1.357,1.461,1.569,1.349,1.326,1.375,1.512,1.737,1.733,1.756,1.739,1.728,1.756,1.734,1.728,1.729,1.708,1.423,1.377,1.372,1.389,1.391,1.387,1.393,1.387,1.389,1.393,0.272,0.247,0.251,0.252,0.257,0.266,0.267,0.274,0.271,0.28
26:45:07,1.475,1.36,1.324,1.36,1.443,1.569,1.336,1.286,1.334,1.485,1.739,1.732,1.752,1.744,1.726,1.756,1.733,1.728,1.731,1.708,1.427,1.377,1.373,1.389,1.393,1.387,1.393,1.389,1.391,1.397,0.266,0.242,0.245,0.244,0.246,0.253,0.251,0.255,0.249,0.255
27:00:06,1.468,1.421,1.286,1.359,1.461,1.556,1.363,1.316,1.358,1.497,1.735,1.735,1.756,1.754,1.727,1.756,1.737,1.731,1.734,1.706,1.433,1.379,1.375,1.393,1.397,1.389,1.397,1.391,1.391,1.401,0.264,0.24,0.242,0.242,0.244,0.25,0.248,0.252,0.247,0.252
27:15:05,1.449,1.451,1.447,1.356,1.439,1.508,1.342,1.292,1.369,1.518,1.742,1.735,1.76,1.752,1.734,1.76,1.738,1.734,1.736,1.711,1.439,1.385,1.379,1.401,1.399,1.391,1.399,1.395,1.397,1.403,0.269,0.245,0.248,0.248,0.25,0.257,0.255,0.26,0.252,0.258
27:30:05,1.451,1.395,1.29,1.33,1.397,1.498,1.322,1.276,1.361,1.49,1.734,1.732,1.752,1.748,1.726,1.75,1.733,1.728,1.732,1.702,1.435,1.377,1.374,1.387,1.389,1.385,1.393,1.391,1.393,1.403,0.235,0.213,0.213,0.211,0.213,0.217,0.217,0.222,0.217,0.221
27:45:05,1.465,1.328,1.381,1.336,1.441,1.51,1.344,1.308,1.314,1.497,1.734,1.735,1.754,1.75,1.73,1.754,1.739,1.732,1.734,1.706,1.445,1.389,1.383,1.397,1.401,1.395,1.403,1.395,1.401,1.413,0.254,0.231,0.233,0.232,0.233,0.239,0.238,0.243,0.239,0.245
28:00:05,1.484,1.393,1.421,1.361,1.443,1.544,1.353,1.326,1.351,1.506,1.739,1.737,1.758,1.746,1.728,1.76,1.739,1.732,1.737,1.709,1.453,1.391,1.387,1.407,1.405,1.383,1.409,1.403,1.403,1.417,0.264,0.24,0.243,0.243,0.245,0.252,0.25,0.254,0.248,0.254
28:15:05,1.486,1.375,1.362,1.36,1.469,1.52,1.353,1.316,1.34,1.514,1.735,1.734,1.758,1.732,1.733,1.754,1.738,1.73,1.734,1.704,1.451,1.389,1.383,1.399,1.401,1.397,1.405,1.403,1.403,1.415,0.242,0.22,0.22,0.218,0.22,0.224,0.223,0.228,0.222,0.227
28:30:05,1.469,1.55,1.409,1.356,1.407,1.5,1.326,1.326,1.348,1.49,1.742,1.739,1.764,1.734,1.732,1.762,1.741,1.731,1.738,1.712,1.461,1.397,1.391,1.409,1.409,1.403,1.413,1.409,1.407,1.421,0.265,0.242,0.245,0.245,0.247,0.254,0.252,0.257,0.25,0.256
28:45:06,1.472,1.379,1.395,1.385,1.405,1.504,1.358,1.326,1.372,1.5,1.741,1.734,1.756,1.728,1.733,1.756,1.74,1.73,1.737,1.708,1.463,1.399,1.393,1.417,1.413,1.405,1.415,1.411,1.413,1.427,0.255,0.231,0.233,0.232,0.234,0.239,0.239,0.244,0.24,0.246
29:00:05,1.473,1.427,1.324,1.358,1.377,1.494,1.383,1.345,1.349,1.518,1.738,1.739,1.758,1.73,1.734,1.762,1.744,1.733,1.74,1.709,1.468,1.401,1.395,1.411,1.415,1.407,1.417,1.413,1.413,1.429,0.262,0.237,0.24,0.238,0.239,0.244,0.243,0.248,0.242,0.249
29:15:06,1.486,1.524,1.397,1.362,1.405,1.497,1.377,1.351,1.463,1.506,1.741,1.741,1.76,1.728,1.733,1.764,1.739,1.732,1.741,1.708,1.47,1.407,1.399,1.415,1.417,1.413,1.423,1.417,1.419,1.433,0.26,0.236,0.24,0.239,0.24,0.245,0.242,0.247,0.242,0.247
29:30:05,1.469,1.322,1.33,1.368,1.407,1.49,1.346,1.302,1.369,1.528,1.742,1.74,1.76,1.732,1.737,1.762,1.745,1.733,1.741,1.71,1.481,1.409,1.403,1.421,1.425,1.417,1.429,1.419,1.423,1.437,0.267,0.243,0.247,0.248,0.252,0.261,0.26,0.264,0.257,0.262
29:45:05,1.461,1.338,1.421,1.359,1.409,1.508,1.352,1.288,1.393,1.51,1.742,1.743,1.758,1.733,1.737,1.762,1.743,1.735,1.743,1.711,1.477,1.407,1.403,1.417,1.421,1.415,1.429,1.419,1.425,1.437,0.261,0.238,0.24,0.239,0.24,0.245,0.243,0.248,0.242,0.249
30:00:05,1.485,1.425,1.304,1.347,1.419,1.508,1.347,1.302,1.336,1.536,1.742,1.742,1.76,1.732,1.739,1.764,1.744,1.735,1.74,1.709,1.48,1.411,1.405,1.419,1.423,1.421,1.431,1.423,1.427,1.441,0.257,0.235,0.237,0.236,0.237,0.243,0.241,0.246,0.241,0.247
30:15:05,1.476,1.413,1.425,1.338,1.457,1.561,1.385,1.31,1.343,1.55,1.743,1.744,1.762,1.736,1.738,1.766,1.747,1.741,1.741,1.712,1.487,1.415,1.409,1.423,1.429,1.423,1.435,1.425,1.431,1.445,0.263,0.24,0.242,0.243,0.245,0.251,0.248,0.253,0.246,0.253
30:30:05,1.496,1.314,1.298,1.349,1.474,1.556,1.389,1.322,1.359,1.573,1.742,1.741,1.76,1.736,1.734,1.764,1.743,1.745,1.741,1.713,1.486,1.419,1.413,1.427,1.429,1.425,1.435,1.431,1.431,1.445,0.266,0.243,0.245,0.245,0.246,0.252,0.248,0.253,0.247,0.253
30:45:05,1.518,1.369,1.292,1.368,1.472,1.591,1.401,1.347,1.369,1.594,1.744,1.744,1.762,1.736,1.742,1.776,1.749,1.743,1.741,1.714,1.497,1.421,1.419,1.433,1.437,1.429,1.441,1.439,1.437,1.447,0.269,0.245,0.247,0.246,0.247,0.251,0.248,0.252,0.246,0.253
31:00:05,1.492,1.36,1.264,1.397,1.493,1.57,1.417,1.324,1.371,1.591,1.743,1.743,1.766,1.735,1.738,1.778,1.746,1.74,1.742,1.7,1.499,1.427,1.421,1.435,1.437,1.433,1.447,1.437,1.439,1.451,0.268,0.243,0.245,0.244,0.244,0.249,0.246,0.25,0.245,0.25
31:15:05,1.538,1.358,1.316,1.407,1.562,1.649,1.455,1.381,1.371,1.637,1.743,1.742,1.762,1.737,1.741,1.778,1.745,1.742,1.741,1.683,1.508,1.429,1.429,1.445,1.445,1.441,1.449,1.443,1.441,1.453,0.268,0.242,0.243,0.241,0.241,0.246,0.244,0.249,0.242,0.248
31:30:05,1.536,1.35,1.304,1.429,1.564,1.637,1.439,1.364,1.385,1.624,1.743,1.744,1.764,1.735,1.742,1.776,1.748,1.739,1.742,1.675,1.51,1.439,1.427,1.447,1.445,1.445,1.451,1.445,1.447,1.453,0.269,0.245,0.246,0.246,0.247,0.253,0.248,0.252,0.246,0.251
31:45:05,1.502,1.391,1.302,1.431,1.528,1.669,1.459,1.397,1.363,1.609,1.741,1.745,1.762,1.734,1.739,1.776,1.748,1.74,1.741,1.667,1.502,1.429,1.423,1.439,1.437,1.439,1.447,1.443,1.445,1.451,0.242,0.222,0.221,0.22,0.221,0.224,0.222,0.227,0.221,0.226
32:00:05,1.54,1.34,1.282,1.447,1.473,1.647,1.441,1.365,1.365,1.623,1.745,1.746,1.762,1.738,1.742,1.784,1.75,1.74,1.742,1.665,1.512,1.437,1.431,1.461,1.453,1.447,1.467,1.457,1.451,1.461,0.271,0.245,0.248,0.248,0.251,0.259,0.257,0.261,0.254,0.258
32:15:06,1.534,1.389,1.28,1.419,1.54,1.619,1.488,1.37,1.349,1.608,1.742,1.744,1.766,1.739,1.741,1.778,1.748,1.741,1.741,1.649,1.512,1.427,1.429,1.447,1.441,1.447,1.459,1.449,1.455,1.455,0.249,0.226,0.226,0.223,0.224,0.227,0.226,0.23,0.224,0.229
32:30:06,1.548,1.387,1.298,1.443,1.506,1.6,1.478,1.405,1.35,1.602,1.744,1.748,1.772,1.74,1.739,1.784,1.746,1.742,1.742,1.647,1.524,1.439,1.437,1.463,1.465,1.455,1.471,1.459,1.461,1.463,0.273,0.246,0.25,0.25,0.252,0.259,0.256,0.26,0.252,0.258
32:45:06,1.54,1.324,1.292,1.457,1.5,1.635,1.453,1.393,1.385,1.625,1.745,1.743,1.768,1.741,1.738,1.788,1.75,1.743,1.745,1.637,1.53,1.425,1.439,1.465,1.463,1.461,1.479,1.467,1.463,1.47,0.273,0.248,0.251,0.251,0.254,0.261,0.256,0.26,0.252,0.257
33:00:05,1.534,1.348,1.276,1.479,1.508,1.627,1.542,1.431,1.37,1.637,1.748,1.747,1.766,1.742,1.743,1.786,1.752,1.741,1.743,1.637,1.53,1.423,1.447,1.465,1.475,1.463,1.486,1.474,1.47,1.468,0.27,0.245,0.248,0.248,0.252,0.259,0.256,0.261,0.253,0.258
33:15:05,1.536,1.306,1.278,1.405,1.461,1.645,1.514,1.391,1.336,1.643,1.74,1.742,1.766,1.735,1.742,1.78,1.747,1.738,1.742,1.624,1.528,1.415,1.431,1.449,1.455,1.451,1.471,1.455,1.455,1.459,0.249,0.226,0.225,0.222,0.223,0.226,0.225,0.229,0.223,0.228
33:30:05,1.54,1.367,1.338,1.439,1.53,1.601,1.55,1.397,1.391,1.643,1.744,1.746,1.762,1.738,1.737,1.784,1.75,1.744,1.74,1.625,1.534,1.421,1.435,1.453,1.467,1.461,1.482,1.469,1.463,1.459,0.268,0.244,0.247,0.247,0.251,0.26,0.256,0.259,0.25,0.254
33:45:05,1.567,1.347,1.27,1.472,1.506,1.643,1.578,1.461,1.375,1.649,1.746,1.749,1.772,1.745,1.742,1.784,1.75,1.743,1.743,1.627,1.54,1.411,1.431,1.465,1.482,1.463,1.488,1.478,1.475,1.473,0.271,0.245,0.249,0.249,0.252,0.261,0.26,0.264,0.255,0.259
34:00:05,1.58,1.322,1.258,1.479,1.56,1.647,1.579,1.459,1.385,1.681,1.749,1.747,1.766,1.745,1.741,1.784,1.752,1.745,1.745,1.623,1.544,1.413,1.431,1.468,1.478,1.477,1.49,1.476,1.474,1.476,0.269,0.245,0.247,0.248,0.252,0.261,0.261,0.268,0.264,0.273
34:15:05,1.528,1.383,1.296,1.473,1.478,1.625,1.542,1.437,1.373,1.649,1.75,1.746,1.762,1.741,1.74,1.786,1.749,1.741,1.744,1.612,1.54,1.403,1.421,1.455,1.461,1.465,1.487,1.473,1.47,1.472,0.256,0.23,0.229,0.226,0.226,0.229,0.228,0.231,0.226,0.231
34:30:05,1.582,1.334,1.308,1.431,1.51,1.608,1.581,1.457,1.395,1.681,1.746,1.749,1.766,1.745,1.743,1.792,1.752,1.746,1.743,1.617,1.546,1.409,1.431,1.471,1.481,1.479,1.495,1.478,1.47,1.47,0.271,0.247,0.249,0.25,0.255,0.263,0.263,0.271,0.267,0.277
34:45:05,1.552,1.395,1.27,1.485,1.56,1.661,1.583,1.465,1.391,1.689,1.744,1.745,1.766,1.738,1.739,1.782,1.754,1.741,1.741,1.603,1.546,1.407,1.431,1.459,1.445,1.472,1.488,1.471,1.475,1.468,0.255,0.232,0.232,0.229,0.229,0.233,0.231,0.233,0.227,0.232
35:00:05,1.584,1.34,1.308,1.455,1.463,1.645,1.591,1.447,1.375,1.669,1.748,1.754,1.77,1.746,1.746,1.792,1.754,1.745,1.745,1.619,1.554,1.413,1.443,1.47,1.486,1.477,1.497,1.479,1.473,1.47,0.271,0.243,0.248,0.249,0.253,0.262,0.261,0.269,0.263,0.27
35:15:05,1.588,1.33,1.264,1.506,1.578,1.669,1.615,1.522,1.429,1.697,1.747,1.749,1.768,1.742,1.742,1.794,1.752,1.743,1.744,1.613,1.546,1.413,1.437,1.468,1.473,1.476,1.495,1.475,1.473,1.47,0.254,0.229,0.229,0.226,0.226,0.229,0.227,0.231,0.224,0.23
35:30:05,1.579,1.334,1.274,1.498,1.538,1.692,1.612,1.5,1.419,1.725,1.746,1.749,1.772,1.748,1.746,1.796,1.754,1.746,1.748,1.624,1.556,1.419,1.449,1.477,1.488,1.486,1.502,1.483,1.479,1.472,0.268,0.245,0.247,0.246,0.25,0.258,0.255,0.26,0.252,0.257
35:45:05,1.574,1.353,1.278,1.498,1.577,1.673,1.631,1.538,1.417,1.742,1.745,1.748,1.766,1.741,1.741,1.79,1.75,1.744,1.746,1.623,1.546,1.421,1.445,1.472,1.481,1.481,1.495,1.48,1.474,1.471,0.255,0.231,0.23,0.227,0.226,0.229,0.227,0.231,0.224,0.229
36:00:05,1.563,1.334,1.256,1.491,1.476,1.629,1.597,1.498,1.419,1.671,1.75,1.754,1.772,1.749,1.746,1.796,1.75,1.747,1.747,1.633,1.556,1.429,1.461,1.481,1.494,1.489,1.502,1.486,1.478,1.471,0.272,0.246,0.249,0.25,0.254,0.263,0.263,0.27,0.266,0.271
36:15:05,1.544,1.332,1.278,1.459,1.48,1.625,1.615,1.495,1.468,1.743,1.747,1.748,1.766,1.742,1.744,1.792,1.75,1.746,1.747,1.625,1.548,1.421,1.451,1.473,1.482,1.482,1.495,1.481,1.476,1.468,0.245,0.222,0.221,0.218,0.219,0.222,0.221,0.224,0.219,0.224
36:30:05,1.563,1.306,1.242,1.421,1.457,1.615,1.606,1.499,1.413,1.725,1.75,1.75,1.77,1.752,1.746,1.79,1.758,1.75,1.748,1.635,1.554,1.423,1.461,1.485,1.496,1.491,1.502,1.486,1.479,1.469,0.268,0.243,0.247,0.247,0.251,0.26,0.26,0.266,0.258,0.263
36:45:05,1.556,1.316,1.266,1.536,1.538,1.647,1.627,1.524,1.445,1.74,1.748,1.746,1.768,1.746,1.743,1.786,1.752,1.746,1.749,1.627,1.548,1.419,1.453,1.48,1.487,1.485,1.494,1.48,1.474,1.465,0.256,0.231,0.23,0.228,0.228,0.232,0.23,0.234,0.228,0.233
37:00:05,1.546,1.336,1.244,1.457,1.526,1.663,1.645,1.484,1.427,1.736,1.744,1.745,1.766,1.744,1.742,1.784,1.752,1.745,1.749,1.625,1.546,1.419,1.453,1.481,1.487,1.487,1.491,1.48,1.474,1.463,0.251,0.227,0.226,0.224,0.223,0.226,0.225,0.228,0.222,0.228
37:15:05,1.566,1.302,1.25,1.439,1.554,1.679,1.621,1.542,1.433,1.738,1.756,1.75,1.778,1.754,1.747,1.792,1.752,1.747,1.754,1.629,1.556,1.427,1.461,1.489,1.5,1.494,1.502,1.487,1.477,1.463,0.275,0.248,0.251,0.252,0.255,0.264,0.263,0.269,0.261,0.266
37:30:05,1.582,1.328,1.274,1.475,1.506,1.659,1.633,1.516,1.453,1.741,1.749,1.754,1.774,1.75,1.749,1.788,1.752,1.749,1.752,1.637,1.56,1.437,1.47,1.496,1.504,1.499,1.5,1.49,1.481,1.465,0.27,0.245,0.247,0.248,0.25,0.257,0.253,0.257,0.248,0.254
37:45:05,1.593,1.33,1.27,1.497,1.52,1.653,1.663,1.54,1.447,1.774,1.75,1.749,1.77,1.748,1.746,1.786,1.756,1.747,1.75,1.633,1.558,1.437,1.468,1.496,1.504,1.498,1.5,1.49,1.482,1.465,0.268,0.243,0.246,0.246,0.251,0.259,0.26,0.267,0.261,0.267
38:00:05,1.601,1.344,1.272,1.479,1.554,1.691,1.669,1.55,1.441,1.772,1.749,1.75,1.77,1.745,1.748,1.786,1.756,1.745,1.752,1.633,1.548,1.423,1.455,1.482,1.486,1.49,1.489,1.482,1.475,1.451,0.248,0.224,0.222,0.22,0.22,0.223,0.221,0.225,0.219,0.224
38:15:05,1.598,1.324,1.272,1.445,1.532,1.624,1.651,1.538,1.439,1.758,1.748,1.749,1.77,1.746,1.747,1.784,1.754,1.75,1.754,1.637,1.556,1.437,1.467,1.495,1.502,1.5,1.5,1.488,1.481,1.455,0.268,0.242,0.244,0.244,0.247,0.253,0.249,0.253,0.246,0.253
38:30:05,1.618,1.314,1.306,1.498,1.528,1.667,1.659,1.601,1.488,1.78,1.749,1.75,1.768,1.75,1.749,1.786,1.756,1.75,1.75,1.631,1.558,1.439,1.47,1.494,1.502,1.499,1.499,1.491,1.48,1.457,0.267,0.242,0.244,0.245,0.248,0.256,0.252,0.256,0.248,0.254
38:45:06,1.566,1.354,1.256,1.473,1.514,1.659,1.649,1.53,1.504,1.796,1.754,1.754,1.776,1.752,1.75,1.788,1.756,1.752,1.756,1.637,1.556,1.431,1.463,1.487,1.499,1.5,1.495,1.489,1.48,1.449,0.274,0.247,0.249,0.25,0.253,0.262,0.261,0.267,0.26,0.266
39:00:05,1.625,1.336,1.274,1.51,1.53,1.657,1.667,1.581,1.491,1.776,1.749,1.754,1.772,1.749,1.749,1.788,1.756,1.75,1.752,1.633,1.556,1.431,1.463,1.49,1.499,1.496,1.495,1.49,1.479,1.445,0.275,0.248,0.25,0.251,0.255,0.265,0.265,0.273,0.268,0.277
39:15:05,1.622,1.3,1.27,1.498,1.52,1.704,1.696,1.563,1.463,1.811,1.749,1.754,1.77,1.748,1.745,1.784,1.754,1.749,1.754,1.631,1.556,1.433,1.463,1.489,1.498,1.496,1.496,1.49,1.48,1.445,0.272,0.246,0.249,0.25,0.253,0.262,0.262,0.269,0.262,0.27
39:30:05,1.625,1.332,1.284,1.435,1.544,1.71,1.692,1.579,1.481,1.798,1.75,1.752,1.768,1.742,1.747,1.78,1.752,1.748,1.75,1.629,1.544,1.427,1.457,1.485,1.486,1.486,1.486,1.48,1.472,1.431,0.244,0.222,0.222,0.221,0.221,0.224,0.221,0.226,0.22,0.226
39:45:05,1.639,1.32,1.27,1.465,1.575,1.645,1.708,1.581,1.504,1.816,1.752,1.75,1.776,1.75,1.75,1.786,1.76,1.752,1.758,1.633,1.554,1.435,1.463,1.491,1.49,1.494,1.495,1.486,1.475,1.435,0.272,0.246,0.249,0.249,0.253,0.262,0.261,0.265,0.256,0.263
40:00:05,1.635,1.316,1.268,1.482,1.58,1.637,1.704,1.645,1.506,1.832,1.752,1.754,1.776,1.752,1.75,1.786,1.754,1.75,1.756,1.633,1.552,1.429,1.465,1.496,1.499,1.495,1.494,1.487,1.473,1.431,0.276,0.249,0.251,0.252,0.256,0.264,0.264,0.269,0.26,0.267
40:15:05,1.671,1.308,1.29,1.56,1.601,1.742,1.745,1.657,1.635,1.847,1.754,1.75,1.774,1.75,1.748,1.784,1.758,1.75,1.756,1.631,1.552,1.435,1.463,1.497,1.5,1.498,1.495,1.489,1.477,1.431,0.274,0.247,0.25,0.251,0.254,0.263,0.263,0.269,0.259,0.265
40:30:05,1.667,1.314,1.258,1.532,1.612,1.707,1.733,1.643,1.565,1.852,1.75,1.75,1.766,1.743,1.747,1.78,1.754,1.749,1.752,1.631,1.546,1.423,1.459,1.492,1.487,1.491,1.488,1.481,1.465,1.419,0.253,0.229,0.228,0.226,0.226,0.229,0.227,0.231,0.225,0.231
40:45:05,1.688,1.292,1.284,1.577,1.657,1.733,1.762,1.671,1.569,1.87,1.747,1.75,1.768,1.744,1.745,1.778,1.752,1.75,1.754,1.627,1.542,1.415,1.453,1.488,1.484,1.488,1.483,1.48,1.463,1.417,0.252,0.229,0.228,0.225,0.226,0.229,0.226,0.229,0.223,0.228
41:00:05,1.651,1.304,1.274,1.532,1.591,1.667,1.727,1.647,1.54,1.854,1.752,1.754,1.776,1.752,1.749,1.784,1.758,1.752,1.756,1.627,1.552,1.423,1.461,1.493,1.497,1.498,1.493,1.485,1.47,1.417,0.272,0.245,0.247,0.248,0.251,0.259,0.256,0.262,0.254,0.26
41:15:05,1.673,1.32,1.264,1.556,1.611,1.703,1.727,1.699,1.561,1.868,1.752,1.75,1.772,1.745,1.752,1.778,1.756,1.748,1.754,1.627,1.542,1.409,1.455,1.484,1.485,1.487,1.485,1.479,1.459,1.407,0.255,0.229,0.226,0.224,0.224,0.227,0.225,0.229,0.223,0.229
41:30:05,1.673,1.338,1.3,1.567,1.653,1.731,1.772,1.7,1.624,1.861,1.752,1.756,1.776,1.752,1.75,1.782,1.758,1.754,1.756,1.633,1.552,1.427,1.472,1.5,1.5,1.499,1.495,1.49,1.472,1.419,0.269,0.243,0.245,0.246,0.249,0.258,0.256,0.26,0.251,0.257
41:45:05,1.693,1.318,1.286,1.566,1.673,1.743,1.794,1.744,1.581,1.891,1.756,1.754,1.772,1.746,1.75,1.776,1.756,1.75,1.752,1.629,1.54,1.409,1.455,1.485,1.486,1.487,1.483,1.48,1.461,1.407,0.255,0.23,0.229,0.226,0.226,0.228,0.226,0.229,0.223,0.229
42:00:05,1.688,1.343,1.288,1.59,1.673,1.721,1.778,1.733,1.643,1.895,1.752,1.752,1.772,1.749,1.748,1.776,1.754,1.752,1.756,1.625,1.54,1.401,1.455,1.487,1.485,1.486,1.483,1.477,1.457,1.403,0.249,0.224,0.222,0.22,0.22,0.223,0.221,0.225,0.22,0.225
42:15:05,1.625,1.324,1.298,1.508,1.604,1.704,1.766,1.655,1.581,1.851,1.752,1.754,1.774,1.75,1.749,1.782,1.758,1.752,1.754,1.629,1.554,1.417,1.469,1.502,1.499,1.5,1.494,1.485,1.465,1.407,0.274,0.246,0.249,0.25,0.254,0.262,0.263,0.27,0.264,0.271
42:30:05,1.706,1.349,1.304,1.59,1.651,1.752,1.776,1.768,1.645,1.881,1.75,1.75,1.768,1.745,1.75,1.778,1.75,1.746,1.752,1.621,1.54,1.401,1.455,1.489,1.484,1.488,1.484,1.477,1.461,1.403,0.251,0.225,0.224,0.221,0.222,0.224,0.223,0.227,0.221,0.227
42:45:05,1.725,1.32,1.308,1.599,1.58,1.741,1.76,1.742,1.633,1.893,1.754,1.756,1.778,1.75,1.748,1.78,1.754,1.754,1.756,1.627,1.552,1.415,1.477,1.5,1.5,1.5,1.495,1.487,1.468,1.407,0.271,0.244,0.247,0.248,0.252,0.261,0.262,0.269,0.262,0.269
43:00:05,1.725,1.374,1.314,1.608,1.69,1.746,1.792,1.756,1.693,1.919,1.756,1.752,1.774,1.748,1.75,1.782,1.756,1.75,1.754,1.625,1.542,1.395,1.459,1.491,1.484,1.492,1.487,1.479,1.461,1.397,0.255,0.23,0.23,0.226,0.227,0.23,0.227,0.231,0.225,0.231
43:15:05,1.665,1.354,1.298,1.457,1.62,1.734,1.75,1.705,1.616,1.881,1.752,1.75,1.774,1.75,1.752,1.778,1.758,1.749,1.754,1.625,1.552,1.401,1.463,1.499,1.496,1.497,1.49,1.486,1.463,1.395,0.274,0.246,0.248,0.249,0.254,0.263,0.263,0.271,0.267,0.278
43:30:05,1.686,1.314,1.292,1.528,1.552,1.681,1.764,1.726,1.629,1.913,1.752,1.754,1.77,1.75,1.75,1.782,1.756,1.752,1.754,1.627,1.546,1.393,1.465,1.498,1.49,1.496,1.485,1.453,1.451,1.391,0.266,0.239,0.242,0.243,0.247,0.257,0.258,0.264,0.257,0.265
43:45:05,1.691,1.355,1.278,1.558,1.623,1.673,1.77,1.752,1.673,1.903,1.752,1.752,1.772,1.748,1.754,1.778,1.756,1.75,1.756,1.629,1.546,1.391,1.465,1.5,1.497,1.496,1.489,1.487,1.459,1.391,0.263,0.237,0.24,0.241,0.245,0.255,0.255,0.259,0.252,0.259
44:00:05,1.726,1.324,1.322,1.562,1.659,1.745,1.774,1.79,1.698,1.917,1.752,1.752,1.77,1.748,1.748,1.776,1.752,1.75,1.754,1.627,1.546,1.387,1.47,1.499,1.494,1.499,1.489,1.487,1.461,1.387,0.26,0.235,0.238,0.238,0.242,0.251,0.249,0.253,0.247,0.254
44:15:05,1.741,1.343,1.336,1.657,1.691,1.762,1.819,1.782,1.725,1.935,1.752,1.754,1.774,1.747,1.752,1.778,1.758,1.752,1.754,1.627,1.544,1.389,1.47,1.5,1.496,1.498,1.49,1.487,1.465,1.387,0.267,0.24,0.243,0.243,0.246,0.251,0.248,0.252,0.246,0.253
44:30:05,1.734,1.328,1.314,1.605,1.663,1.739,1.828,1.784,1.683,1.907,1.752,1.756,1.77,1.75,1.752,1.78,1.754,1.752,1.754,1.631,1.538,1.377,1.461,1.496,1.488,1.492,1.488,1.484,1.457,1.375,0.258,0.233,0.236,0.236,0.238,0.243,0.241,0.246,0.24,0.248
44:45:05,1.754,1.3,1.352,1.592,1.58,1.731,1.814,1.78,1.691,1.921,1.752,1.754,1.77,1.746,1.748,1.782,1.756,1.749,1.758,1.625,1.54,1.365,1.465,1.496,1.493,1.493,1.488,1.486,1.459,1.375,0.262,0.236,0.239,0.24,0.243,0.252,0.249,0.254,0.247,0.254
45:00:05,1.725,1.314,1.239,1.604,1.683,1.772,1.811,1.782,1.704,1.915,1.754,1.758,1.774,1.75,1.749,1.782,1.754,1.752,1.756,1.627,1.542,1.363,1.463,1.497,1.497,1.495,1.487,1.488,1.459,1.373,0.26,0.232,0.236,0.237,0.242,0.251,0.25,0.255,0.249,0.256
45:15:05,1.721,1.29,1.33,1.618,1.581,1.717,1.804,1.778,1.721,1.931,1.754,1.754,1.77,1.745,1.752,1.78,1.756,1.749,1.758,1.631,1.544,1.361,1.467,1.497,1.494,1.496,1.488,1.488,1.461,1.371,0.263,0.237,0.24,0.241,0.245,0.256,0.258,0.265,0.262,0.27
45:30:05,1.736,1.312,1.276,1.647,1.611,1.694,1.808,1.774,1.694,1.919,1.752,1.756,1.77,1.746,1.752,1.782,1.758,1.75,1.756,1.631,1.546,1.352,1.459,1.5,1.496,1.498,1.49,1.49,1.463,1.371,0.263,0.236,0.24,0.241,0.246,0.256,0.258,0.266,0.264,0.273
45:45:05,1.722,1.361,1.314,1.629,1.671,1.744,1.822,1.821,1.727,1.925,1.754,1.758,1.774,1.754,1.752,1.782,1.758,1.745,1.758,1.627,1.546,1.344,1.465,1.499,1.495,1.5,1.49,1.49,1.461,1.368,0.271,0.244,0.246,0.247,0.251,0.261,0.26,0.266,0.26,0.269
46:00:05,1.742,1.357,1.353,1.599,1.7,1.756,1.804,1.8,1.76,1.929,1.76,1.758,1.778,1.756,1.754,1.78,1.76,1.756,1.758,1.627,1.55,1.347,1.469,1.502,1.497,1.502,1.49,1.494,1.463,1.364,0.272,0.244,0.247,0.248,0.252,0.261,0.262,0.269,0.262,0.27
46:15:05,1.715,1.375,1.336,1.621,1.677,1.723,1.83,1.812,1.747,1.942,1.752,1.756,1.772,1.752,1.752,1.78,1.756,1.752,1.76,1.627,1.546,1.33,1.465,1.502,1.498,1.499,1.49,1.492,1.459,1.358,0.268,0.24,0.243,0.244,0.248,0.258,0.259,0.266,0.258,0.267
46:30:05,1.695,1.32,1.286,1.48,1.629,1.615,1.76,1.75,1.673,1.919,1.752,1.754,1.774,1.75,1.754,1.784,1.76,1.752,1.758,1.627,1.544,1.324,1.455,1.493,1.487,1.495,1.478,1.484,1.451,1.348,0.262,0.236,0.238,0.239,0.242,0.249,0.246,0.251,0.244,0.251
46:45:05,1.74,1.357,1.342,1.624,1.633,1.764,1.8,1.78,1.738,1.929,1.756,1.758,1.774,1.75,1.752,1.784,1.758,1.749,1.758,1.624,1.544,1.32,1.455,1.5,1.493,1.496,1.478,1.489,1.457,1.352,0.265,0.237,0.241,0.242,0.246,0.255,0.256,0.26,0.252,0.26
47:00:05,1.748,1.336,1.361,1.619,1.659,1.794,1.849,1.811,1.784,1.956,1.756,1.758,1.774,1.752,1.756,1.784,1.762,1.756,1.76,1.629,1.544,1.326,1.451,1.504,1.497,1.5,1.49,1.495,1.461,1.353,0.269,0.241,0.244,0.245,0.249,0.258,0.256,0.261,0.254,0.262
47:15:06,1.756,1.37,1.336,1.651,1.704,1.764,1.862,1.837,1.802,1.951,1.758,1.76,1.772,1.752,1.756,1.786,1.76,1.754,1.76,1.625,1.542,1.338,1.451,1.502,1.5,1.499,1.492,1.495,1.463,1.35,0.271,0.242,0.245,0.246,0.249,0.256,0.253,0.258,0.251,0.259
47:30:05,1.768,1.358,1.397,1.675,1.697,1.764,1.866,1.861,1.804,1.957,1.756,1.76,1.776,1.752,1.758,1.784,1.76,1.756,1.76,1.625,1.546,1.334,1.453,1.51,1.502,1.504,1.493,1.498,1.467,1.352,0.264,0.237,0.24,0.241,0.245,0.254,0.253,0.258,0.251,0.259
47:45:15,1.778,1.366,1.393,1.655,1.667,1.804,1.883,1.863,1.831,1.953,1.756,1.76,1.774,1.752,1.756,1.778,1.758,1.754,1.756,1.621,1.538,1.328,1.449,1.504,1.5,1.5,1.493,1.496,1.465,1.347,0.267,0.239,0.242,0.243,0.247,0.255,0.255,0.26,0.252,0.259
48:00:14,1.812,1.393,1.494,1.745,1.746,1.832,1.911,1.897,1.87,1.979,1.756,1.756,1.776,1.752,1.754,1.782,1.758,1.754,1.762,1.625,1.54,1.332,1.457,1.508,1.504,1.504,1.495,1.5,1.467,1.357,0.271,0.242,0.245,0.246,0.25,0.259,0.258,0.262,0.255,0.262
48:15:14,1.818,1.399,1.447,1.758,1.79,1.86,1.935,1.919,1.881,1.976,1.754,1.756,1.778,1.752,1.756,1.78,1.76,1.752,1.76,1.625,1.538,1.334,1.457,1.512,1.508,1.506,1.497,1.5,1.465,1.351,0.264,0.237,0.238,0.24,0.243,0.251,0.249,0.253,0.245,0.252
48:30:13,1.808,1.445,1.53,1.788,1.762,1.836,1.936,1.931,1.881,1.99,1.756,1.758,1.776,1.75,1.75,1.776,1.758,1.754,1.756,1.625,1.536,1.334,1.459,1.512,1.51,1.506,1.497,1.504,1.47,1.347,0.263,0.236,0.238,0.238,0.242,0.248,0.245,0.249,0.242,0.25
48:45:12,1.811,1.399,1.485,1.782,1.814,1.862,1.943,1.917,1.901,1.969,1.758,1.758,1.774,1.754,1.752,1.782,1.758,1.752,1.76,1.631,1.542,1.33,1.459,1.514,1.512,1.506,1.499,1.502,1.467,1.348,0.269,0.241,0.243,0.244,0.248,0.256,0.253,0.258,0.25,0.257
49:00:11,1.778,1.407,1.389,1.732,1.76,1.808,1.925,1.897,1.865,1.967,1.756,1.754,1.774,1.752,1.754,1.78,1.754,1.754,1.76,1.627,1.542,1.318,1.453,1.512,1.504,1.504,1.496,1.5,1.461,1.34,0.265,0.236,0.239,0.241,0.244,0.254,0.254,0.259,0.252,0.261
49:15:10,1.79,1.455,1.431,1.762,1.756,1.808,1.901,1.895,1.874,1.97,1.754,1.758,1.774,1.75,1.754,1.778,1.758,1.75,1.76,1.627,1.54,1.312,1.447,1.508,1.502,1.504,1.493,1.499,1.459,1.344,0.26,0.233,0.235,0.237,0.24,0.249,0.246,0.251,0.243,0.251
49:30:09,1.794,1.409,1.421,1.786,1.752,1.826,1.903,1.905,1.877,1.967,1.752,1.756,1.77,1.749,1.752,1.778,1.76,1.754,1.756,1.629,1.54,1.312,1.439,1.51,1.5,1.5,1.492,1.497,1.455,1.34,0.257,0.231,0.233,0.234,0.238,0.245,0.242,0.247,0.24,0.248
49:45:08,1.802,1.433,1.445,1.778,1.804,1.81,1.909,1.925,1.885,1.964,1.754,1.76,1.774,1.752,1.75,1.782,1.756,1.756,1.762,1.627,1.538,1.312,1.439,1.506,1.502,1.502,1.493,1.497,1.455,1.336,0.254,0.229,0.231,0.232,0.236,0.244,0.244,0.25,0.242,0.25
50:00:07,1.808,1.479,1.516,1.81,1.768,1.825,1.923,1.903,1.895,1.988,1.754,1.758,1.776,1.75,1.754,1.78,1.754,1.756,1.762,1.631,1.536,1.308,1.439,1.506,1.502,1.5,1.494,1.498,1.451,1.357,0.264,0.237,0.239,0.24,0.244,0.253,0.254,0.258,0.25,0.257
50:15:06,1.796,1.479,1.506,1.774,1.768,1.833,1.931,1.909,1.907,1.974,1.754,1.758,1.776,1.754,1.756,1.782,1.76,1.758,1.76,1.633,1.538,1.31,1.427,1.514,1.504,1.504,1.495,1.5,1.451,1.355,0.269,0.241,0.243,0.243,0.247,0.256,0.253,0.257,0.25,0.258
50:30:06,1.851,1.518,1.581,1.818,1.8,1.881,1.967,1.959,1.929,1.99,1.754,1.758,1.778,1.754,1.754,1.78,1.756,1.754,1.758,1.635,1.54,1.314,1.445,1.516,1.51,1.508,1.499,1.504,1.459,1.358,0.271,0.242,0.244,0.245,0.248,0.256,0.252,0.257,0.25,0.257
50:45:05,1.84,1.514,1.546,1.826,1.82,1.895,1.958,1.947,1.915,1.996,1.756,1.762,1.774,1.75,1.754,1.78,1.758,1.758,1.756,1.631,1.536,1.306,1.441,1.516,1.506,1.504,1.496,1.499,1.455,1.352,0.265,0.236,0.238,0.239,0.243,0.249,0.248,0.252,0.246,0.254
51:00:06,1.829,1.55,1.596,1.829,1.786,1.897,1.953,1.939,1.921,1.984,1.754,1.758,1.784,1.752,1.756,1.782,1.76,1.752,1.758,1.631,1.54,1.306,1.443,1.518,1.512,1.508,1.5,1.504,1.457,1.348,0.268,0.239,0.24,0.241,0.244,0.25,0.247,0.251,0.245,0.253
51:15:05,1.855,1.516,1.566,1.831,1.812,1.87,1.973,1.958,1.931,2,1.756,1.758,1.776,1.754,1.752,1.778,1.756,1.756,1.756,1.633,1.536,1.302,1.439,1.518,1.51,1.504,1.496,1.5,1.457,1.353,0.266,0.237,0.239,0.239,0.241,0.248,0.245,0.249,0.244,0.252
51:30:05,1.844,1.558,1.611,1.833,1.834,1.87,1.989,1.968,1.936,1.995,1.756,1.758,1.774,1.754,1.752,1.778,1.758,1.756,1.76,1.635,1.54,1.298,1.437,1.522,1.51,1.508,1.498,1.502,1.455,1.349,0.268,0.239,0.241,0.241,0.243,0.249,0.246,0.251,0.245,0.254
51:45:05,1.847,1.502,1.554,1.859,1.816,1.858,1.962,1.969,1.937,1.997,1.756,1.76,1.776,1.752,1.752,1.778,1.756,1.754,1.76,1.635,1.538,1.3,1.439,1.518,1.51,1.506,1.499,1.504,1.455,1.344,0.262,0.233,0.235,0.236,0.237,0.243,0.241,0.245,0.24,0.249
52:00:05,1.851,1.562,1.602,1.843,1.852,1.889,1.985,1.962,1.951,2,1.758,1.758,1.778,1.754,1.758,1.78,1.762,1.754,1.764,1.633,1.538,1.29,1.435,1.516,1.508,1.508,1.495,1.5,1.455,1.338,0.266,0.237,0.238,0.239,0.241,0.247,0.245,0.249,0.243,0.252
52:15:05,1.853,1.572,1.599,1.861,1.819,1.893,1.971,1.966,1.941,1.998,1.756,1.756,1.774,1.752,1.754,1.78,1.758,1.756,1.758,1.635,1.538,1.29,1.435,1.516,1.51,1.506,1.498,1.502,1.455,1.336,0.267,0.236,0.238,0.238,0.239,0.246,0.244,0.249,0.243,0.252
52:30:15,1.841,1.514,1.536,1.806,1.824,1.859,1.963,1.952,1.919,1.997,1.756,1.756,1.774,1.752,1.754,1.782,1.756,1.752,1.762,1.631,1.536,1.288,1.429,1.514,1.506,1.504,1.496,1.5,1.449,1.332,0.268,0.238,0.241,0.241,0.244,0.249,0.247,0.251,0.245,0.254
52:45:14,1.846,1.556,1.605,1.836,1.812,1.879,1.965,1.953,1.929,1.987,1.754,1.758,1.776,1.75,1.752,1.782,1.76,1.756,1.758,1.629,1.538,1.292,1.427,1.514,1.506,1.504,1.495,1.5,1.447,1.326,0.27,0.239,0.241,0.24,0.242,0.249,0.245,0.25,0.244,0.253
53:00:14,1.855,1.594,1.624,1.855,1.804,1.875,1.975,1.958,1.95,2.003,1.76,1.764,1.78,1.756,1.756,1.784,1.756,1.758,1.76,1.629,1.54,1.288,1.425,1.522,1.51,1.508,1.5,1.504,1.449,1.32,0.266,0.236,0.239,0.24,0.244,0.252,0.249,0.254,0.247,0.257
53:15:13,1.846,1.544,1.598,1.844,1.81,1.879,1.987,1.961,1.938,1.993,1.756,1.758,1.778,1.752,1.756,1.778,1.758,1.756,1.758,1.627,1.536,1.284,1.419,1.514,1.504,1.504,1.499,1.5,1.447,1.316,0.266,0.236,0.238,0.237,0.239,0.245,0.243,0.248,0.243,0.252
53:30:12,1.836,1.577,1.588,1.849,1.82,1.885,1.981,1.968,1.947,1.98,1.754,1.762,1.776,1.752,1.756,1.78,1.758,1.754,1.76,1.627,1.536,1.282,1.421,1.514,1.508,1.506,1.499,1.5,1.445,1.31,0.267,0.238,0.24,0.24,0.241,0.247,0.245,0.25,0.244,0.253
53:45:11,1.849,1.593,1.542,1.829,1.8,1.87,1.95,1.967,1.948,1.995,1.756,1.756,1.772,1.75,1.754,1.78,1.758,1.756,1.76,1.625,1.536,1.274,1.417,1.518,1.508,1.504,1.498,1.5,1.443,1.336,0.263,0.234,0.235,0.235,0.237,0.243,0.242,0.248,0.242,0.251
54:00:11,1.872,1.635,1.639,1.861,1.841,1.867,1.984,1.953,1.958,2.005,1.758,1.756,1.778,1.752,1.756,1.778,1.76,1.754,1.758,1.623,1.536,1.27,1.419,1.518,1.512,1.506,1.499,1.502,1.441,1.34,0.262,0.233,0.234,0.235,0.237,0.243,0.241,0.246,0.241,0.249
54:15:10,1.883,1.625,1.657,1.862,1.824,1.869,1.976,1.96,1.967,2.005,1.756,1.76,1.782,1.754,1.754,1.778,1.756,1.756,1.76,1.62,1.542,1.268,1.419,1.52,1.514,1.506,1.499,1.502,1.439,1.344,0.264,0.234,0.235,0.235,0.236,0.241,0.238,0.242,0.236,0.245
54:30:09,1.893,1.641,1.635,1.856,1.838,1.903,1.994,1.978,1.955,2.012,1.754,1.758,1.776,1.75,1.754,1.782,1.758,1.758,1.76,1.616,1.544,1.294,1.419,1.522,1.516,1.514,1.5,1.502,1.437,1.354,0.265,0.235,0.237,0.237,0.24,0.245,0.242,0.247,0.24,0.248
54:45:08,1.877,1.635,1.655,1.874,1.835,1.87,1.982,1.978,1.959,2.015,1.756,1.756,1.78,1.754,1.756,1.782,1.758,1.756,1.758,1.613,1.542,1.286,1.415,1.524,1.514,1.51,1.5,1.504,1.437,1.391,0.263,0.234,0.235,0.235,0.238,0.243,0.24,0.245,0.237,0.246
55:00:08,1.885,1.663,1.657,1.862,1.812,1.875,1.971,1.989,1.957,2.009,1.756,1.756,1.778,1.754,1.754,1.778,1.758,1.758,1.758,1.61,1.54,1.286,1.413,1.522,1.512,1.506,1.502,1.502,1.435,1.385,0.264,0.234,0.235,0.235,0.238,0.242,0.238,0.242,0.236,0.244
55:15:07,1.867,1.629,1.667,1.877,1.81,1.867,1.97,1.978,1.965,2.02,1.754,1.756,1.776,1.756,1.756,1.78,1.758,1.756,1.76,1.612,1.542,1.284,1.413,1.522,1.516,1.508,1.502,1.504,1.433,1.387,0.262,0.233,0.235,0.236,0.239,0.247,0.245,0.25,0.243,0.252
55:30:07,1.872,1.639,1.681,1.885,1.821,1.885,1.978,1.973,1.971,2.025,1.752,1.758,1.778,1.752,1.752,1.782,1.758,1.754,1.758,1.607,1.544,1.332,1.407,1.52,1.512,1.506,1.5,1.502,1.429,1.385,0.252,0.226,0.228,0.228,0.232,0.239,0.236,0.241,0.234,0.241
55:45:06,1.872,1.694,1.694,1.879,1.808,1.866,1.979,1.979,1.988,2.024,1.75,1.758,1.776,1.749,1.758,1.778,1.756,1.752,1.758,1.605,1.536,1.332,1.395,1.514,1.506,1.5,1.495,1.498,1.423,1.379,0.251,0.223,0.222,0.22,0.22,0.223,0.222,0.226,0.221,0.228
56:00:05,1.905,1.712,1.699,1.875,1.831,1.907,2,1.993,1.985,2.041,1.756,1.758,1.78,1.756,1.756,1.782,1.76,1.758,1.76,1.607,1.538,1.334,1.399,1.518,1.512,1.508,1.502,1.5,1.425,1.379,0.275,0.243,0.245,0.245,0.248,0.257,0.254,0.259,0.252,0.26
56:15:05,1.877,1.695,1.667,1.866,1.817,1.881,1.977,2,1.981,2.039,1.75,1.76,1.778,1.75,1.754,1.774,1.756,1.752,1.758,1.6,1.536,1.324,1.389,1.512,1.502,1.502,1.494,1.495,1.419,1.374,0.256,0.228,0.228,0.225,0.225,0.228,0.226,0.23,0.225,0.233
56:30:05,1.887,1.675,1.663,1.854,1.802,1.864,1.98,1.97,1.967,2.037,1.752,1.764,1.782,1.754,1.754,1.78,1.756,1.756,1.76,1.6,1.544,1.326,1.387,1.516,1.508,1.504,1.498,1.498,1.423,1.411,0.275,0.243,0.245,0.246,0.25,0.259,0.26,0.266,0.261,0.27
56:45:05,1.881,1.633,1.681,1.857,1.812,1.833,1.985,1.981,1.959,2.035,1.754,1.762,1.776,1.756,1.758,1.782,1.758,1.754,1.76,1.6,1.54,1.314,1.383,1.512,1.506,1.504,1.494,1.494,1.415,1.409,0.276,0.244,0.246,0.246,0.25,0.259,0.259,0.264,0.258,0.267
57:00:05,1.883,1.694,1.685,1.849,1.792,1.839,1.991,1.975,1.96,2.035,1.752,1.758,1.78,1.752,1.756,1.78,1.758,1.758,1.758,1.601,1.544,1.377,1.381,1.52,1.508,1.504,1.499,1.499,1.411,1.407,0.268,0.238,0.24,0.241,0.245,0.253,0.254,0.261,0.254,0.262
57:15:05,1.905,1.733,1.733,1.883,1.837,1.895,2.008,1.992,1.987,2.049,1.756,1.76,1.78,1.758,1.758,1.78,1.756,1.756,1.76,1.6,1.54,1.377,1.377,1.516,1.508,1.504,1.497,1.496,1.407,1.405,0.269,0.239,0.24,0.241,0.245,0.254,0.254,0.259,0.252,0.261
57:30:05,1.905,1.719,1.752,1.905,1.84,1.891,1.983,1.993,1.999,2.044,1.752,1.756,1.776,1.752,1.754,1.78,1.758,1.758,1.758,1.601,1.538,1.379,1.375,1.52,1.51,1.504,1.497,1.496,1.407,1.405,0.267,0.237,0.238,0.239,0.242,0.248,0.246,0.25,0.244,0.253
57:45:05,1.921,1.741,1.745,1.919,1.861,1.891,1.995,1.999,2.001,2.056,1.75,1.758,1.778,1.75,1.756,1.78,1.758,1.756,1.76,1.597,1.538,1.379,1.374,1.516,1.51,1.502,1.497,1.498,1.407,1.405,0.265,0.235,0.238,0.237,0.241,0.248,0.246,0.251,0.243,0.252
58:00:15,1.917,1.752,1.726,1.885,1.838,1.903,1.994,1.991,2.003,2.033,1.75,1.756,1.778,1.756,1.756,1.78,1.758,1.754,1.76,1.596,1.536,1.381,1.374,1.514,1.51,1.504,1.498,1.499,1.405,1.397,0.266,0.235,0.238,0.239,0.242,0.249,0.248,0.252,0.245,0.254
58:15:06,1.921,1.74,1.772,1.909,1.851,1.875,2,2.008,1.998,2.041,1.75,1.758,1.776,1.752,1.752,1.776,1.758,1.756,1.754,1.591,1.536,1.377,1.37,1.512,1.506,1.5,1.497,1.493,1.405,1.395,0.269,0.238,0.239,0.239,0.243,0.251,0.248,0.253,0.244,0.252
58:30:06,1.911,1.726,1.768,1.899,1.838,1.907,2.011,2.012,1.99,2.036,1.75,1.758,1.778,1.754,1.756,1.778,1.756,1.754,1.762,1.589,1.534,1.373,1.37,1.514,1.506,1.5,1.498,1.494,1.401,1.389,0.27,0.239,0.242,0.241,0.245,0.254,0.251,0.257,0.25,0.259
58:45:05,1.944,1.792,1.798,1.921,1.874,1.938,2.028,2.036,1.997,2.056,1.752,1.758,1.78,1.752,1.754,1.782,1.756,1.758,1.758,1.588,1.542,1.379,1.395,1.52,1.51,1.506,1.5,1.498,1.405,1.387,0.278,0.245,0.247,0.247,0.251,0.26,0.26,0.265,0.257,0.266
59:00:05,1.961,1.786,1.776,1.933,1.86,1.919,2.015,2.039,2.019,2.048,1.75,1.756,1.778,1.752,1.754,1.78,1.76,1.754,1.76,1.584,1.536,1.373,1.391,1.514,1.506,1.5,1.498,1.493,1.399,1.381,0.273,0.24,0.242,0.242,0.244,0.249,0.246,0.25,0.244,0.253
59:15:05,1.972,1.782,1.814,1.927,1.889,1.939,2.032,2.048,2.02,2.06,1.752,1.762,1.78,1.756,1.754,1.782,1.76,1.76,1.76,1.589,1.544,1.374,1.393,1.518,1.514,1.506,1.502,1.498,1.403,1.381,0.267,0.236,0.239,0.237,0.238,0.244,0.242,0.246,0.241,0.251
59:30:05,1.968,1.79,1.82,1.939,1.907,1.954,2.032,2.044,2.019,2.056,1.752,1.758,1.776,1.75,1.756,1.778,1.76,1.754,1.762,1.583,1.542,1.37,1.391,1.52,1.512,1.508,1.502,1.498,1.401,1.391,0.27,0.239,0.24,0.24,0.242,0.248,0.244,0.248,0.242,0.251
59:45:05,1.969,1.82,1.818,1.925,1.936,1.925,2.028,2.04,2.021,2.06,1.749,1.758,1.778,1.752,1.754,1.776,1.756,1.758,1.76,1.577,1.54,1.369,1.387,1.516,1.514,1.502,1.504,1.497,1.401,1.393,0.267,0.236,0.237,0.237,0.24,0.245,0.243,0.247,0.242,0.251
